{"mean":{"confidence_interval":{"confidence_level":0.95,"lower_bound":2056566.0261354167,"upper_bound":2063045.157458333},"point_estimate":2059516.0216666665,"standard_error":1651.6414923843759},"median":{"confidence_interval":{"confidence_level":0.95,"lower_bound":2054861.375,"upper_bound":2060828.0208333335},"point_estimate":2056184.0416666665,"standard_error":1650.6267838775411},"median_abs_dev":{"confidence_interval":{"confidence_level":0.95,"lower_bound":7542.820028588003,"upper_bound":11601.40656903363},"point_estimate":9809.993375837803,"standard_error":1075.1625253679788},"slope":null,"std_dev":{"confidence_interval":{"confidence_level":0.95,"lower_bound":9078.479286062657,"upper_bound":23299.463150317413},"point_estimate":16510.868784935934,"standard_error":3747.9546241263565}}