{"mean":{"confidence_interval":{"confidence_level":0.95,"lower_bound":7596132.385749999,"upper_bound":8120001.648050001},"point_estimate":7815627.307999999,"standard_error":135353.85262506912},"median":{"confidence_interval":{"confidence_level":0.95,"lower_bound":7674207.8,"upper_bound":7896830.8},"point_estimate":7805267.2,"standard_error":51369.88120819536},"median_abs_dev":{"confidence_interval":{"confidence_level":0.95,"lower_bound":324507.9239988322,"upper_bound":1033269.2743898022},"point_estimate":612496.741966009,"standard_error":182056.04130324358},"slope":null,"std_dev":{"confidence_interval":{"confidence_level":0.95,"lower_bound":608150.9999035555,"upper_bound":2151886.2245833348},"point_estimate":1364744.4423363472,"standard_error":499445.5535418318}}