{"mean":{"confidence_interval":{"confidence_level":0.95,"lower_bound":2062332.101635416,"upper_bound":2070280.524354167},"point_estimate":2065824.490416667,"standard_error":2037.759422258068},"median":{"confidence_interval":{"confidence_level":0.95,"lower_bound":2059827.7708333335,"upper_bound":2064975.5416666667},"point_estimate":2063550.7291666665,"standard_error":1454.2500418539755},"median_abs_dev":{"confidence_interval":{"confidence_level":0.95,"lower_bound":6958.949765516274,"upper_bound":10567.509299889552},"point_estimate":8187.1950421482325,"standard_error":920.5429504998456},"slope":null,"std_dev":{"confidence_interval":{"confidence_level":0.95,"lower_bound":8522.417477254789,"upper_bound":30174.415432205285},"point_estimate":20458.034711749453,"standard_error":5517.206659234143}}