{"mean":{"confidence_interval":{"confidence_level":0.95,"lower_bound":162525275.59625,"upper_bound":163584771.43825},"point_estimate":162943320.25,"standard_error":280386.96646558435},"median":{"confidence_interval":{"confidence_level":0.95,"lower_bound":162302779.025,"upper_bound":162838179.0},"point_estimate":162507176.0,"standard_error":148307.1186668849},"median_abs_dev":{"confidence_interval":{"confidence_level":0.95,"lower_bound":767701.3858705759,"upper_bound":1161267.8900183728},"point_estimate":1000030.7321459055,"standard_error":98555.8911282097},"slope":null,"std_dev":{"confidence_interval":{"confidence_level":0.95,"lower_bound":908196.7709557513,"upper_bound":4579502.516465768},"point_estimate":2803477.939778535,"standard_error":1216377.2924763057}}