{"mean":{"confidence_interval":{"confidence_level":0.95,"lower_bound":12265160.115900002,"upper_bound":12341978.084550004},"point_estimate":12302074.501999997,"standard_error":19576.793493686273},"median":{"confidence_interval":{"confidence_level":0.95,"lower_bound":12256761.7,"upper_bound":12340002.7},"point_estimate":12300512.3,"standard_error":18679.18667215092},"median_abs_dev":{"confidence_interval":{"confidence_level":0.95,"lower_bound":124095.39691686796,"upper_bound":222572.259479554},"point_estimate":169241.30741536783,"standard_error":24544.63038100575},"slope":null,"std_dev":{"confidence_interval":{"confidence_level":0.95,"lower_bound":147660.8733758437,"upper_bound":254109.16908992224},"point_estimate":196960.37947588865,"standard_error":28791.90514977821}}