{"mean":{"confidence_interval":{"confidence_level":0.95,"lower_bound":7730058.925625,"upper_bound":9653817.530437496},"point_estimate":8431926.7975,"standard_error":542601.4236597955},"median":{"confidence_interval":{"confidence_level":0.95,"lower_bound":7650338.375,"upper_bound":7872891.75},"point_estimate":7771602.375,"standard_error":55345.73804290113},"median_abs_dev":{"confidence_interval":{"confidence_level":0.95,"lower_bound":382422.40708502015,"upper_bound":833218.7018524108},"point_estimate":521104.98004853725,"standard_error":125833.42733102785},"slope":null,"std_dev":{"confidence_interval":{"confidence_level":0.95,"lower_bound":589689.3668828051,"upper_bound":9223236.855944544},"point_estimate":5450473.932288765,"standard_error":2856690.830084025}}