{"mean":{"confidence_interval":{"confidence_level":0.95,"lower_bound":2046669.424343751,"upper_bound":2051956.9176354173},"point_estimate":2049160.277083333,"standard_error":1346.6482935207766},"median":{"confidence_interval":{"confidence_level":0.95,"lower_bound":2045975.0833333333,"upper_bound":2051266.7708333335},"point_estimate":2048702.1041666667,"standard_error":1198.9024011578497},"median_abs_dev":{"confidence_interval":{"confidence_level":0.95,"lower_bound":7042.442537471652,"upper_bound":11901.048517776566},"point_estimate":8969.822503253818,"standard_error":1187.6761002767566},"slope":null,"std_dev":{"confidence_interval":{"confidence_level":0.95,"lower_bound":8876.181116837364,"upper_bound":19022.92058255449},"point_estimate":13560.197356290728,"standard_error":2934.1782872808435}}