{"mean":{"confidence_interval":{"confidence_level":0.95,"lower_bound":11122384.436749998,"upper_bound":11197421.12715},"point_estimate":11158729.404,"standard_error":19166.291741000783},"median":{"confidence_interval":{"confidence_level":0.95,"lower_bound":11083558.2,"upper_bound":11157416.2},"point_estimate":11134357.3,"standard_error":20428.420394487828},"median_abs_dev":{"confidence_interval":{"confidence_level":0.95,"lower_bound":137438.64841997568,"upper_bound":226709.2545551059},"point_estimate":194295.91263055775,"standard_error":22900.03604380579},"slope":null,"std_dev":{"confidence_interval":{"confidence_level":0.95,"lower_bound":158045.73765838356,"upper_bound":225084.31041474818},"point_estimate":193436.15542855312,"standard_error":17109.668596129057}}