{"mean":{"confidence_interval":{"confidence_level":0.95,"lower_bound":695440252.725,"upper_bound":703047332.5780001},"point_estimate":699238973.97,"standard_error":1939105.9635000078},"median":{"confidence_interval":{"confidence_level":0.95,"lower_bound":699652097.5,"upper_bound":705695479.0},"point_estimate":703873660.5,"standard_error":1618333.5969195382},"median_abs_dev":{"confidence_interval":{"confidence_level":0.95,"lower_bound":10671058.159200849,"upper_bound":29091092.614629865},"point_estimate":18872102.538353205,"standard_error":5288706.201291865},"slope":null,"std_dev":{"confidence_interval":{"confidence_level":0.95,"lower_bound":17329971.140443232,"upper_bound":21448798.19649727},"point_estimate":19538048.10301839,"standard_error":1047233.2725326853}}