{"mean":{"confidence_interval":{"confidence_level":0.95,"lower_bound":1334011.909902174,"upper_bound":1395970.0159130436},"point_estimate":1363446.0165217388,"standard_error":15812.3062979152},"median":{"confidence_interval":{"confidence_level":0.95,"lower_bound":1310226.7826086956,"upper_bound":1357353.5652173914},"point_estimate":1333033.7608695652,"standard_error":11223.767161847323},"median_abs_dev":{"confidence_interval":{"confidence_level":0.95,"lower_bound":77821.41477491548,"upper_bound":155250.6874971186},"point_estimate":110029.57775528026,"standard_error":18386.113424187337},"slope":null,"std_dev":{"confidence_interval":{"confidence_level":0.95,"lower_bound":113332.96503273156,"upper_bound":212484.01813035648},"point_estimate":159120.6536076318,"standard_error":27926.09233325351}}