{"mean":{"confidence_interval":{"confidence_level":0.95,"lower_bound":2074791.6476458334,"upper_bound":2085819.6072083332},"point_estimate":2079938.7337500004,"standard_error":2825.5845499981983},"median":{"confidence_interval":{"confidence_level":0.95,"lower_bound":2069554.625,"upper_bound":2075688.1666666667},"point_estimate":2072998.8541666667,"standard_error":1709.9631589988294},"median_abs_dev":{"confidence_interval":{"confidence_level":0.95,"lower_bound":8543.71554894373,"upper_bound":14277.406859025474},"point_estimate":11721.43539190275,"standard_error":1432.4268586696103},"slope":null,"std_dev":{"confidence_interval":{"confidence_level":0.95,"lower_bound":18273.244106301085,"upper_bound":36943.80534882355},"point_estimate":28422.90408554278,"standard_error":4778.514514847022}}