{"mean":{"confidence_interval":{"confidence_level":0.95,"lower_bound":233703443.478,"upper_bound":234931210.30999997},"point_estimate":234220639.85,"standard_error":316783.5827834254},"median":{"confidence_interval":{"confidence_level":0.95,"lower_bound":233435173.0,"upper_bound":233984783.0},"point_estimate":233691326.0,"standard_error":147251.48638962748},"median_abs_dev":{"confidence_interval":{"confidence_level":0.95,"lower_bound":933465.699827671,"upper_bound":1580326.2922436},"point_estimate":1332653.5188406706,"standard_error":170025.2089064366},"slope":null,"std_dev":{"confidence_interval":{"confidence_level":0.95,"lower_bound":1304208.9365558545,"upper_bound":4986677.2100967495},"point_estimate":3173407.917473415,"standard_error":1107156.142789634}}