{"mean":{"confidence_interval":{"confidence_level":0.95,"lower_bound":981551.4860980039,"upper_bound":1016738.4147448371},"point_estimate":997536.5270054963,"standard_error":8963.345351804237},"median":{"confidence_interval":{"confidence_level":0.95,"lower_bound":969207.2666666667,"upper_bound":980234.976744186},"point_estimate":973399.7642045454,"standard_error":2620.2851675799834},"median_abs_dev":{"confidence_interval":{"confidence_level":0.95,"lower_bound":16326.11675849424,"upper_bound":35461.141572772416},"point_estimate":20839.150898602573,"standard_error":4727.943266677707},"slope":{"confidence_interval":{"confidence_level":0.95,"lower_bound":971055.1670846129,"upper_bound":978168.659409905},"point_estimate":974804.3392315649,"standard_error":1811.5796427398489},"std_dev":{"confidence_interval":{"confidence_level":0.95,"lower_bound":55154.14421507899,"upper_bound":126142.07108902375},"point_estimate":90155.99892260911,"standard_error":19484.264359658904}}