{"mean":{"confidence_interval":{"confidence_level":0.95,"lower_bound":4071240.8844583337,"upper_bound":4190382.079333333},"point_estimate":4129670.8591666645,"standard_error":30290.553112722613},"median":{"confidence_interval":{"confidence_level":0.95,"lower_bound":4014323.25,"upper_bound":4173814.291666667},"point_estimate":4083241.0416666665,"standard_error":45538.12505031969},"median_abs_dev":{"confidence_interval":{"confidence_level":0.95,"lower_bound":211398.61759692407,"upper_bound":364493.5588039457},"point_estimate":264705.6849755348,"standard_error":39861.910490873815},"slope":null,"std_dev":{"confidence_interval":{"confidence_level":0.95,"lower_bound":262245.7092113911,"upper_bound":344032.4878319626},"point_estimate":305498.13409003144,"standard_error":20795.036127413816}}