{"mean":{"confidence_interval":{"confidence_level":0.95,"lower_bound":14585.471205929582,"upper_bound":15407.645070571758},"point_estimate":14951.441477481261,"standard_error":211.53777223598826},"median":{"confidence_interval":{"confidence_level":0.95,"lower_bound":14082.663236711302,"upper_bound":14564.690972222223},"point_estimate":14294.964043747581,"standard_error":136.55460650353035},"median_abs_dev":{"confidence_interval":{"confidence_level":0.95,"lower_bound":446.2377502757482,"upper_bound":968.8637995037743},"point_estimate":674.9565383385976,"standard_error":140.4905634122065},"slope":{"confidence_interval":{"confidence_level":0.95,"lower_bound":13924.549989230147,"upper_bound":14083.303162957745},"point_estimate":13994.861592409241,"standard_error":40.48994791415167},"std_dev":{"confidence_interval":{"confidence_level":0.95,"lower_bound":1075.3059932972487,"upper_bound":3121.442804859524},"point_estimate":2120.1237618222985,"standard_error":557.1115686470164}}