{"mean":{"confidence_interval":{"confidence_level":0.95,"lower_bound":5956029.509875001,"upper_bound":6275548.868825},"point_estimate":6099264.427,"standard_error":82112.77903631964},"median":{"confidence_interval":{"confidence_level":0.95,"lower_bound":5971206.0,"upper_bound":6191121.6},"point_estimate":6100285.55,"standard_error":53899.51522855696},"median_abs_dev":{"confidence_interval":{"confidence_level":0.95,"lower_bound":333537.5508785248,"upper_bound":595182.5688233977},"point_estimate":418134.18646663416,"standard_error":63274.9359187537},"slope":null,"std_dev":{"confidence_interval":{"confidence_level":0.95,"lower_bound":467748.0403718322,"upper_bound":1221928.6793630559},"point_estimate":822261.0957266466,"standard_error":229854.32737567523}}