{"mean":{"confidence_interval":{"confidence_level":0.95,"lower_bound":861814.422605227,"upper_bound":1169674.6193730305},"point_estimate":977037.3894045551,"standard_error":85096.4353978348},"median":{"confidence_interval":{"confidence_level":0.95,"lower_bound":808804.9480519481,"upper_bound":899140.1729133439},"point_estimate":873411.8445945946,"standard_error":22100.705288064742},"median_abs_dev":{"confidence_interval":{"confidence_level":0.95,"lower_bound":121861.72927181097,"upper_bound":201385.31499073812},"point_estimate":167474.07255819245,"standard_error":20620.57044772844},"slope":{"confidence_interval":{"confidence_level":0.95,"lower_bound":835578.0763462656,"upper_bound":890096.7517878182},"point_estimate":861496.2291015221,"standard_error":13867.664752507993},"std_dev":{"confidence_interval":{"confidence_level":0.95,"lower_bound":185305.0490545471,"upper_bound":1431365.5492914855},"point_estimate":853572.8794738676,"standard_error":425796.7471180058}}