{"mean":{"confidence_interval":{"confidence_level":0.95,"lower_bound":120440631.81,"upper_bound":120808836.691},"point_estimate":120612811.51,"standard_error":93987.44910872482},"median":{"confidence_interval":{"confidence_level":0.95,"lower_bound":120323121.0,"upper_bound":120521724.0},"point_estimate":120434723.5,"standard_error":44396.351780677716},"median_abs_dev":{"confidence_interval":{"confidence_level":0.95,"lower_bound":313129.562240839,"upper_bound":636265.9330040216},"point_estimate":434333.5926890373,"standard_error":81572.05518375534},"slope":null,"std_dev":{"confidence_interval":{"confidence_level":0.95,"lower_bound":628641.3583523096,"upper_bound":1252244.9509892878},"point_estimate":946167.7775973693,"standard_error":162030.18675586922}}