{"mean":{"confidence_interval":{"confidence_level":0.95,"lower_bound":57146039.576749995,"upper_bound":61612386.94775},"point_estimate":59243915.05,"standard_error":1142606.6901841164},"median":{"confidence_interval":{"confidence_level":0.95,"lower_bound":54687679.0,"upper_bound":55413488.5},"point_estimate":55109184.0,"standard_error":163745.9236957546},"median_abs_dev":{"confidence_interval":{"confidence_level":0.95,"lower_bound":1303223.1680631638,"upper_bound":2401326.405867934},"point_estimate":1895161.585754156,"standard_error":291254.2652519718},"slope":null,"std_dev":{"confidence_interval":{"confidence_level":0.95,"lower_bound":8090965.987640973,"upper_bound":14165055.7928495},"point_estimate":11473259.783054108,"standard_error":1543354.7320584694}}