{"mean":{"confidence_interval":{"confidence_level":0.95,"lower_bound":3943841.41121875,"upper_bound":4101126.767625},"point_estimate":4021209.815,"standard_error":40100.95191000296},"median":{"confidence_interval":{"confidence_level":0.95,"lower_bound":3875710.5625,"upper_bound":4019653.5625},"point_estimate":3932954.9375,"standard_error":35890.2650562288},"median_abs_dev":{"confidence_interval":{"confidence_level":0.95,"lower_bound":265630.0242841244,"upper_bound":468452.29523330927},"point_estimate":335584.3728046864,"standard_error":51509.75592997907},"slope":null,"std_dev":{"confidence_interval":{"confidence_level":0.95,"lower_bound":338598.0499446982,"upper_bound":461654.5264719447},"point_estimate":403971.54349099135,"standard_error":31538.374699859323}}