{"mean":{"confidence_interval":{"confidence_level":0.95,"lower_bound":54668500.9915,"upper_bound":55689155.55075},"point_estimate":55148272.72,"standard_error":259868.8283497386},"median":{"confidence_interval":{"confidence_level":0.95,"lower_bound":54173163.5,"upper_bound":55078726.5},"point_estimate":54676070.0,"standard_error":233586.0303839764},"median_abs_dev":{"confidence_interval":{"confidence_level":0.95,"lower_bound":1484101.1061519384,"upper_bound":2645143.6780393124},"point_estimate":1862838.6824280024,"standard_error":303767.4408798039},"slope":null,"std_dev":{"confidence_interval":{"confidence_level":0.95,"lower_bound":1862133.8545557067,"upper_bound":3465732.68322098},"point_estimate":2613274.7243247167,"standard_error":441357.3734322341}}