{"mean":{"confidence_interval":{"confidence_level":0.95,"lower_bound":119151796.95899999,"upper_bound":120054098.79800001},"point_estimate":119485481.84,"standard_error":253939.41839184405},"median":{"confidence_interval":{"confidence_level":0.95,"lower_bound":119098498.5,"upper_bound":119305402.0},"point_estimate":119213600.0,"standard_error":64492.5506622536},"median_abs_dev":{"confidence_interval":{"confidence_level":0.95,"lower_bound":334756.9152268775,"upper_bound":629446.714425087},"point_estimate":490661.2721890211,"standard_error":77072.64965964522},"slope":null,"std_dev":{"confidence_interval":{"confidence_level":0.95,"lower_bound":476843.0744919371,"upper_bound":4316634.654068505},"point_estimate":2556316.486600545,"standard_error":1328514.2638875907}}