{"mean":{"confidence_interval":{"confidence_level":0.95,"lower_bound":2778733.6121447366,"upper_bound":2853922.832407894},"point_estimate":2815048.2399999993,"standard_error":19349.19047864321},"median":{"confidence_interval":{"confidence_level":0.95,"lower_bound":2723026.2894736845,"upper_bound":2806982.7894736845},"point_estimate":2774021.842105263,"standard_error":24920.415371696676},"median_abs_dev":{"confidence_interval":{"confidence_level":0.95,"lower_bound":116210.32161053833,"upper_bound":198878.10633762862},"point_estimate":157630.02920150722,"standard_error":21599.44356048561},"slope":null,"std_dev":{"confidence_interval":{"confidence_level":0.95,"lower_bound":154112.41048029612,"upper_bound":237085.99460406348},"point_estimate":195812.52500091624,"standard_error":21461.320969530916}}