{"mean":{"confidence_interval":{"confidence_level":0.95,"lower_bound":48117.4209902359,"upper_bound":48973.70875615692},"point_estimate":48459.813837574795,"standard_error":225.58640498290123},"median":{"confidence_interval":{"confidence_level":0.95,"lower_bound":47938.59734648328,"upper_bound":48139.33379501385},"point_estimate":48030.14144736843,"standard_error":48.45453578195254},"median_abs_dev":{"confidence_interval":{"confidence_level":0.95,"lower_bound":318.29903343040746,"upper_bound":546.1597772338146},"point_estimate":412.2330514553529,"standard_error":51.22213288369736},"slope":{"confidence_interval":{"confidence_level":0.95,"lower_bound":47697.756226378566,"upper_bound":47952.832904610514},"point_estimate":47811.68939932957,"standard_error":65.07776355059751},"std_dev":{"confidence_interval":{"confidence_level":0.95,"lower_bound":652.3872990350444,"upper_bound":3718.3110106014174},"point_estimate":2281.6713181236187,"standard_error":957.9954289730291}}