{"mean":{"confidence_interval":{"confidence_level":0.95,"lower_bound":246064983.519,"upper_bound":246519018.75849998},"point_estimate":246281109.48,"standard_error":115455.81722482356},"median":{"confidence_interval":{"confidence_level":0.95,"lower_bound":245815353.0,"upper_bound":246147953.5},"point_estimate":245983906.0,"standard_error":88550.94662516116},"median_abs_dev":{"confidence_interval":{"confidence_level":0.95,"lower_bound":525061.1312858018,"upper_bound":960679.8045670211},"point_estimate":699739.7443771362,"standard_error":112632.93860856035},"slope":null,"std_dev":{"confidence_interval":{"confidence_level":0.95,"lower_bound":850481.8916047888,"upper_bound":1456263.281295667},"point_estimate":1162091.4382517713,"standard_error":155330.55703827212}}