{"mean":{"confidence_interval":{"confidence_level":0.95,"lower_bound":2941168.379897059,"upper_bound":2963816.991617645},"point_estimate":2950793.780588234,"standard_error":5860.939480938229},"median":{"confidence_interval":{"confidence_level":0.95,"lower_bound":2943948.705882353,"upper_bound":2952725.4411764704},"point_estimate":2949395.970588235,"standard_error":2097.23753954046},"median_abs_dev":{"confidence_interval":{"confidence_level":0.95,"lower_bound":17266.795352276877,"upper_bound":32565.725948166233},"point_estimate":24463.510048038675,"standard_error":3861.150929186022},"slope":null,"std_dev":{"confidence_interval":{"confidence_level":0.95,"lower_bound":25678.19749014245,"upper_bound":92943.9182689095},"point_estimate":59033.581500320186,"standard_error":21332.13134523901}}