{"mean":{"confidence_interval":{"confidence_level":0.95,"lower_bound":6292782.87,"upper_bound":6723562.2055},"point_estimate":6491020.82,"standard_error":110189.26901512353},"median":{"confidence_interval":{"confidence_level":0.95,"lower_bound":6088485.0,"upper_bound":6266187.0},"point_estimate":6151985.0,"standard_error":43497.69023473308},"median_abs_dev":{"confidence_interval":{"confidence_level":0.95,"lower_bound":289629.61135804653,"upper_bound":588896.8638449907},"point_estimate":489931.83300197124,"standard_error":73350.76881503536},"slope":null,"std_dev":{"confidence_interval":{"confidence_level":0.95,"lower_bound":683530.6743172723,"upper_bound":1457314.0171292496},"point_estimate":1110891.5406922698,"standard_error":197429.11698052}}