{"mean":{"confidence_interval":{"confidence_level":0.95,"lower_bound":28443940.97625,"upper_bound":28500666.087750003},"point_estimate":28469460.735,"standard_error":14482.095829732649},"median":{"confidence_interval":{"confidence_level":0.95,"lower_bound":28445955.5,"upper_bound":28475756.0},"point_estimate":28455105.25,"standard_error":8322.101199073355},"median_abs_dev":{"confidence_interval":{"confidence_level":0.95,"lower_bound":57933.24260897935,"upper_bound":109010.01631468534},"point_estimate":91032.75033384562,"standard_error":13416.233274973463},"slope":null,"std_dev":{"confidence_interval":{"confidence_level":0.95,"lower_bound":82910.99416980044,"upper_bound":216491.94121311768},"point_estimate":145837.76060544606,"standard_error":40538.66127907149}}