{"mean":{"confidence_interval":{"confidence_level":0.95,"lower_bound":11001.29246405856,"upper_bound":11157.434728609482},"point_estimate":11062.732240760393,"standard_error":41.57056522035719},"median":{"confidence_interval":{"confidence_level":0.95,"lower_bound":10970.984170165877,"upper_bound":11006.66},"point_estimate":10985.57934317296,"standard_error":8.57755623501499},"median_abs_dev":{"confidence_interval":{"confidence_level":0.95,"lower_bound":52.57798609433097,"upper_bound":107.19800095588079},"point_estimate":81.13665360541818,"standard_error":12.975729040560411},"slope":{"confidence_interval":{"confidence_level":0.95,"lower_bound":10940.276241657135,"upper_bound":10987.240033813603},"point_estimate":10961.533233206903,"standard_error":11.98245663867158},"std_dev":{"confidence_interval":{"confidence_level":0.95,"lower_bound":119.42148615131345,"upper_bound":681.9352043352363},"point_estimate":415.89805472257706,"standard_error":182.64870731351326}}