{"mean":{"confidence_interval":{"confidence_level":0.95,"lower_bound":3650895.7415714283,"upper_bound":3770890.1963214283},"point_estimate":3707687.664285714,"standard_error":30734.804538232154},"median":{"confidence_interval":{"confidence_level":0.95,"lower_bound":3606382.8928571427,"upper_bound":3697330.714285714},"point_estimate":3645133.5,"standard_error":22570.403056578438},"median_abs_dev":{"confidence_interval":{"confidence_level":0.95,"lower_bound":163707.84189360423,"upper_bound":286145.9250198946},"point_estimate":211405.41284680367,"standard_error":32505.84834239766},"slope":null,"std_dev":{"confidence_interval":{"confidence_level":0.95,"lower_bound":222109.83701707033,"upper_bound":401638.39776936267},"point_estimate":308476.4634832379,"standard_error":47316.125287174385}}