{"mean":{"confidence_interval":{"confidence_level":0.95,"lower_bound":30711299.85425,"upper_bound":31304817.430999998},"point_estimate":30994919.77,"standard_error":151133.42616598832},"median":{"confidence_interval":{"confidence_level":0.95,"lower_bound":30457629.0,"upper_bound":30973036.0},"point_estimate":30621981.5,"standard_error":146145.37139487767},"median_abs_dev":{"confidence_interval":{"confidence_level":0.95,"lower_bound":728115.2252733707,"upper_bound":1303149.7793644667},"point_estimate":931383.3881646395,"standard_error":141276.74677978517},"slope":null,"std_dev":{"confidence_interval":{"confidence_level":0.95,"lower_bound":1139711.9588689841,"upper_bound":1860019.810776159},"point_estimate":1512641.585431461,"standard_error":185000.04120671377}}