{"mean":{"confidence_interval":{"confidence_level":0.95,"lower_bound":6653107.352049999,"upper_bound":6989737.416350002},"point_estimate":6804731.058000001,"standard_error":86316.11336064767},"median":{"confidence_interval":{"confidence_level":0.95,"lower_bound":6485512.8,"upper_bound":6665055.800000001},"point_estimate":6571374.0,"standard_error":42735.94133384516},"median_abs_dev":{"confidence_interval":{"confidence_level":0.95,"lower_bound":294092.9785788059,"upper_bound":533059.2800053057},"point_estimate":413651.7678362128,"standard_error":58955.012351353216},"slope":null,"std_dev":{"confidence_interval":{"confidence_level":0.95,"lower_bound":497469.6593034833,"upper_bound":1248764.3731406012},"point_estimate":865224.2617277168,"standard_error":214950.450585969}}