{"mean":{"confidence_interval":{"confidence_level":0.95,"lower_bound":7401068.0678125005,"upper_bound":7867827.10875},"point_estimate":7616928.03,"standard_error":119476.97266865542},"median":{"confidence_interval":{"confidence_level":0.95,"lower_bound":7194320.375,"upper_bound":7501324.75},"point_estimate":7308747.125,"standard_error":85495.56465914765},"median_abs_dev":{"confidence_interval":{"confidence_level":0.95,"lower_bound":421235.02114596,"upper_bound":786142.5203181803},"point_estimate":650480.7309016585,"standard_error":96370.03891806654},"slope":null,"std_dev":{"confidence_interval":{"confidence_level":0.95,"lower_bound":724185.4829071442,"upper_bound":1637057.0809381623},"point_estimate":1201838.9299320441,"standard_error":235634.29676945743}}