{"mean":{"confidence_interval":{"confidence_level":0.95,"lower_bound":119691012.4075,"upper_bound":119933022.5075},"point_estimate":119806563.45,"standard_error":61953.86512860369},"median":{"confidence_interval":{"confidence_level":0.95,"lower_bound":119619378.0,"upper_bound":119798982.5},"point_estimate":119737924.5,"standard_error":39403.848670013635},"median_abs_dev":{"confidence_interval":{"confidence_level":0.95,"lower_bound":315967.2585904598,"upper_bound":521305.4090324787},"point_estimate":418395.6429719925,"standard_error":51758.43332752772},"slope":null,"std_dev":{"confidence_interval":{"confidence_level":0.95,"lower_bound":440067.8032375258,"upper_bound":789128.1435428613},"point_estimate":623273.4128283951,"standard_error":89545.8527581576}}