{"mean":{"confidence_interval":{"confidence_level":0.95,"lower_bound":4563628.534,"upper_bound":4803411.833249999},"point_estimate":4676371.105,"standard_error":61466.950699994755},"median":{"confidence_interval":{"confidence_level":0.95,"lower_bound":4463314.5,"upper_bound":4625216.75},"point_estimate":4521665.75,"standard_error":41131.181114264546},"median_abs_dev":{"confidence_interval":{"confidence_level":0.95,"lower_bound":280067.21217781305,"upper_bound":450494.6737021208},"point_estimate":376660.0830629468,"standard_error":44256.531477461074},"slope":null,"std_dev":{"confidence_interval":{"confidence_level":0.95,"lower_bound":413928.1878108856,"upper_bound":800380.9123719197},"point_estimate":616968.933407126,"standard_error":99468.81631850601}}