{"mean":{"confidence_interval":{"confidence_level":0.95,"lower_bound":703775862.8644999,"upper_bound":711109164.0719999},"point_estimate":707430763.17,"standard_error":1871294.5501862469},"median":{"confidence_interval":{"confidence_level":0.95,"lower_bound":703164686.0,"upper_bound":711978333.5},"point_estimate":708469473.5,"standard_error":2351753.3175505},"median_abs_dev":{"confidence_interval":{"confidence_level":0.95,"lower_bound":12254206.951144338,"upper_bound":21830908.03202389},"point_estimate":15190033.627822995,"standard_error":2598136.9062595386},"slope":null,"std_dev":{"confidence_interval":{"confidence_level":0.95,"lower_bound":16049897.952095829,"upper_bound":21251336.167092763},"point_estimate":18797358.073145695,"standard_error":1329100.6864540584}}