{"mean":{"confidence_interval":{"confidence_level":0.95,"lower_bound":236530967.0,"upper_bound":237590735.9315},"point_estimate":237002797.3,"standard_error":271750.81719268113},"median":{"confidence_interval":{"confidence_level":0.95,"lower_bound":236329653.0,"upper_bound":237068008.0},"point_estimate":236864063.5,"standard_error":242967.65999941557},"median_abs_dev":{"confidence_interval":{"confidence_level":0.95,"lower_bound":1344148.9874640857,"upper_bound":2118177.9802948236},"point_estimate":1732733.8630378246,"standard_error":186091.6790410288},"slope":null,"std_dev":{"confidence_interval":{"confidence_level":0.95,"lower_bound":1570665.1016704468,"upper_bound":4035604.1240796847},"point_estimate":2727281.835606967,"standard_error":758602.7447837277}}