{"mean":{"confidence_interval":{"confidence_level":0.95,"lower_bound":7947221.220000001,"upper_bound":8157488.86885},"point_estimate":8048873.443999998,"standard_error":53333.00773795623},"median":{"confidence_interval":{"confidence_level":0.95,"lower_bound":7838659.1,"upper_bound":8000687.6},"point_estimate":7920881.0,"standard_error":39603.304511846225},"median_abs_dev":{"confidence_interval":{"confidence_level":0.95,"lower_bound":262179.5693653825,"upper_bound":490846.97154222504},"point_estimate":389721.7147010568,"standard_error":55626.80643677964},"slope":null,"std_dev":{"confidence_interval":{"confidence_level":0.95,"lower_bound":421112.28079068736,"upper_bound":647872.9342241728},"point_estimate":537021.1816891598,"standard_error":58141.96081441727}}