{"mean":{"confidence_interval":{"confidence_level":0.95,"lower_bound":12270433.844250001,"upper_bound":12346640.448549997},"point_estimate":12307333.754,"standard_error":19398.09436509906},"median":{"confidence_interval":{"confidence_level":0.95,"lower_bound":12248331.9,"upper_bound":12334723.0},"point_estimate":12305103.5,"standard_error":25615.244034142615},"median_abs_dev":{"confidence_interval":{"confidence_level":0.95,"lower_bound":132589.50868606623,"upper_bound":209953.6509525787},"point_estimate":166958.99301588646,"standard_error":19845.52591978053},"slope":null,"std_dev":{"confidence_interval":{"confidence_level":0.95,"lower_bound":148191.37242496928,"upper_bound":244692.63865142784},"point_estimate":194403.04559657932,"standard_error":25230.576366440448}}