{"mean":{"confidence_interval":{"confidence_level":0.95,"lower_bound":8205460.76985,"upper_bound":8459016.222800003},"point_estimate":8316634.024000002,"standard_error":64790.48650116263},"median":{"confidence_interval":{"confidence_level":0.95,"lower_bound":8058343.5,"upper_bound":8293657.2},"point_estimate":8180435.5,"standard_error":66540.52632207412},"median_abs_dev":{"confidence_interval":{"confidence_level":0.95,"lower_bound":267150.2822971336,"upper_bound":471786.2919241183},"point_estimate":367571.3745743036,"standard_error":56757.08252276715},"slope":null,"std_dev":{"confidence_interval":{"confidence_level":0.95,"lower_bound":360620.9417899604,"upper_bound":969284.6268574616},"point_estimate":650723.0126659751,"standard_error":188726.660582311}}