{"mean":{"confidence_interval":{"confidence_level":0.95,"lower_bound":12090.404970139774,"upper_bound":12216.480362421999},"point_estimate":12144.160261716408,"standard_error":32.51045215425707},"median":{"confidence_interval":{"confidence_level":0.95,"lower_bound":12051.045057766367,"upper_bound":12120.255731707317},"point_estimate":12086.192116459704,"standard_error":15.277487523790262},"median_abs_dev":{"confidence_interval":{"confidence_level":0.95,"lower_bound":90.39428026707627,"upper_bound":151.01269342199546},"point_estimate":120.37935699848362,"standard_error":15.533680898961544},"slope":{"confidence_interval":{"confidence_level":0.95,"lower_bound":12022.250158866113,"upper_bound":12065.705879820214},"point_estimate":12042.989203559599,"standard_error":11.074743441843285},"std_dev":{"confidence_interval":{"confidence_level":0.95,"lower_bound":146.83098064843125,"upper_bound":506.02690962362203},"point_estimate":326.6645222966161,"standard_error":110.18270432586742}}