{"mean":{"confidence_interval":{"confidence_level":0.95,"lower_bound":15912.980445639461,"upper_bound":16359.134634688004},"point_estimate":16092.701826122633,"standard_error":117.24090039877065},"median":{"confidence_interval":{"confidence_level":0.95,"lower_bound":15829.68347252294,"upper_bound":15919.532264150945},"point_estimate":15874.771996604322,"standard_error":21.937138451638184},"median_abs_dev":{"confidence_interval":{"confidence_level":0.95,"lower_bound":132.14102667673785,"upper_bound":242.8182186775598},"point_estimate":191.48560458625,"standard_error":31.30835936744166},"slope":{"confidence_interval":{"confidence_level":0.95,"lower_bound":15746.064113014243,"upper_bound":15799.878271393884},"point_estimate":15771.714494257649,"standard_error":13.707105987144834},"std_dev":{"confidence_interval":{"confidence_level":0.95,"lower_bound":286.1067069183026,"upper_bound":1912.8475895481026},"point_estimate":1178.7902528252034,"standard_error":479.4368296959881}}